3.000000000000000000e+01	5.000000000000000000e-01	-0.000000000000000000e+00	1.207106384237959844e+02
3.500000000000000000e+01	5.000000000000000000e-01	-0.000000000000000000e+00	1.035266738689084605e+02
4.000000000000000000e+01	5.000000000000000000e-01	-0.000000000000000000e+00	8.605909079921222826e+01
4.500000000000000000e+01	5.000000000000000000e-01	-6.113923508567697951e+01	3.821511298366883835e+01
5.000000000000000000e+01	5.000000000000000000e-01	-0.000000000000000000e+00	5.046512963859763801e+01
5.500000000000000000e+01	5.000000000000000000e-01	-4.102898880192214648e+01	1.282570819820690566e+01
6.000000000000000000e+01	5.000000000000000000e-01	-1.280688821778127817e+01	8.004953654626028481e+00
6.500000000000000000e+01	5.000000000000000000e-01	5.946451079442911514e+00	1.239766456758750746e+00
7.000000000000000000e+01	5.000000000000000000e-01	4.816640630424870295e+01	5.031933677274520456e+00
7.500000000000000000e+01	5.000000000000000000e-01	1.075219513205274637e+02	7.515576153034201567e+00
8.000000000000000000e+01	5.000000000000000000e-01	1.942640823102360343e+02	8.808941211607596244e+00
8.500000000000000000e+01	5.000000000000000000e-01	3.034596157981083024e+02	9.785154739079475306e+00
9.000000000000000000e+01	5.000000000000000000e-01	4.729475828949770744e+02	9.973107605038952883e+00
9.500000000000000000e+01	5.000000000000000000e-01	6.795842018300216978e+02	1.052873227897201325e+01
1.000000000000000000e+02	5.000000000000000000e-01	9.362194507928217035e+02	1.147449376009225652e+01
1.050000000000000000e+02	5.000000000000000000e-01	1.240335658329385979e+03	1.297009500057152565e+01
1.100000000000000000e+02	5.000000000000000000e-01	1.582858072765363659e+03	1.500595434891177149e+01
1.150000000000000000e+02	5.000000000000000000e-01	1.961773724554686169e+03	1.751002493863913756e+01
1.200000000000000000e+02	5.000000000000000000e-01	2.349865613090166335e+03	2.026424190613767351e+01
1.250000000000000000e+02	5.000000000000000000e-01	2.739575956839294122e+03	2.313928103882729204e+01
1.300000000000000000e+02	5.000000000000000000e-01	3.097631610486753743e+03	2.586160459757352115e+01
1.350000000000000000e+02	5.000000000000000000e-01	3.440063106379498095e+03	2.849939670452275564e+01
1.400000000000000000e+02	5.000000000000000000e-01	3.750885237948821214e+03	3.092394882980482862e+01
1.450000000000000000e+02	5.000000000000000000e-01	4.026284883966293364e+03	3.309511181807738467e+01
1.500000000000000000e+02	5.000000000000000000e-01	4.262255007272203329e+03	3.497640520840872114e+01
1.550000000000000000e+02	5.000000000000000000e-01	4.468994471413704559e+03	3.663702206681993090e+01
1.600000000000000000e+02	5.000000000000000000e-01	4.651123273958151913e+03	3.810853481630424966e+01
1.650000000000000000e+02	5.000000000000000000e-01	4.799075851980423977e+03	3.932076978266297829e+01
1.700000000000000000e+02	5.000000000000000000e-01	4.933881028326131855e+03	4.042528469116395939e+01
1.750000000000000000e+02	5.000000000000000000e-01	5.055169494850088995e+03	4.141905384100876830e+01
1.800000000000000000e+02	5.000000000000000000e-01	5.137966307738207433e+03	4.212129229798753727e+01
1.850000000000000000e+02	5.000000000000000000e-01	5.222427682635707242e+03	4.282195102974450407e+01
1.900000000000000000e+02	5.000000000000000000e-01	5.292293298581779709e+03	4.340325532127359054e+01
1.950000000000000000e+02	5.000000000000000000e-01	5.364695111730286044e+03	4.398851581637614316e+01
2.000000000000000000e+02	5.000000000000000000e-01	5.396434863396409128e+03	4.426604340017889427e+01
2.050000000000000000e+02	5.000000000000000000e-01	5.439448743861707044e+03	4.461016198860006909e+01
2.100000000000000000e+02	5.000000000000000000e-01	5.458835834773110946e+03	4.476918514034777985e+01
2.150000000000000000e+02	5.000000000000000000e-01	5.472072693600425737e+03	4.486906612558199470e+01
2.200000000000000000e+02	5.000000000000000000e-01	5.487799464605002868e+03	4.497234681914485321e+01
2.250000000000000000e+02	5.000000000000000000e-01	5.479530547744489013e+03	4.488790822107999645e+01
2.300000000000000000e+02	5.000000000000000000e-01	5.464556855955904211e+03	4.474086125619617604e+01
2.350000000000000000e+02	5.000000000000000000e-01	5.434036716242740113e+03	4.446740263266764970e+01
2.400000000000000000e+02	5.000000000000000000e-01	5.396202089874800549e+03	4.412755580873537298e+01
2.450000000000000000e+02	5.000000000000000000e-01	5.342413564494332604e+03	4.365883505127552411e+01
2.500000000000000000e+02	5.000000000000000000e-01	5.264753283419336185e+03	4.300354335488485447e+01
2.550000000000000000e+02	5.000000000000000000e-01	5.179270351832679808e+03	4.227903964743200049e+01
2.600000000000000000e+02	5.000000000000000000e-01	5.077943212152850720e+03	4.142705149904607254e+01
2.650000000000000000e+02	5.000000000000000000e-01	4.946500223937608098e+03	4.034299913359220824e+01
2.700000000000000000e+02	5.000000000000000000e-01	4.786636396665182474e+03	3.903932499407971335e+01
2.750000000000000000e+02	5.000000000000000000e-01	4.593438582695405785e+03	3.748036856026197228e+01
2.800000000000000000e+02	5.000000000000000000e-01	4.363016471965177516e+03	3.563879096594131823e+01
2.850000000000000000e+02	5.000000000000000000e-01	4.098751076522574294e+03	3.354175858622251383e+01
2.900000000000000000e+02	5.000000000000000000e-01	3.785465694385923598e+03	3.108433648277963002e+01
2.950000000000000000e+02	5.000000000000000000e-01	3.427740170030654554e+03	2.831186524704981977e+01
3.000000000000000000e+02	5.000000000000000000e-01	3.041596216887887294e+03	2.535773647803875264e+01
3.050000000000000000e+02	5.000000000000000000e-01	2.635874652954779322e+03	2.231291212765180276e+01
3.100000000000000000e+02	5.000000000000000000e-01	2.212271533973930673e+03	1.924530977795164333e+01
3.150000000000000000e+02	5.000000000000000000e-01	1.809036008913727755e+03	1.646740439044547344e+01
3.200000000000000000e+02	5.000000000000000000e-01	1.420742908502271803e+03	1.406353637720450678e+01
3.250000000000000000e+02	5.000000000000000000e-01	1.088630567209591163e+03	1.228908542242747082e+01
3.300000000000000000e+02	5.000000000000000000e-01	7.876630441393906494e+02	1.120309047578254358e+01
3.350000000000000000e+02	5.000000000000000000e-01	5.412763975837308408e+02	1.084128847521854411e+01
3.400000000000000000e+02	5.000000000000000000e-01	3.621381999105809655e+02	1.068375215454378591e+01
3.450000000000000000e+02	5.000000000000000000e-01	2.212964564432791690e+02	1.078403951398903615e+01
3.500000000000000000e+02	5.000000000000000000e-01	1.014658748890454234e+02	1.270896502608904477e+01
3.550000000000000000e+02	5.000000000000000000e-01	4.136989081432545134e+01	1.293231616352021085e+01
3.600000000000000000e+02	5.000000000000000000e-01	1.304880149906089848e+01	8.156194905283408403e+00
3.650000000000000000e+02	5.000000000000000000e-01	3.191075431809490937e+00	1.994723946088841293e+00
3.700000000000000000e+02	5.000000000000000000e-01	2.746715306175848426e+01	8.586327163605199431e+00
3.750000000000000000e+02	5.000000000000000000e-01	7.120027290775752249e+01	1.113953104472057198e+01
3.800000000000000000e+02	5.000000000000000000e-01	1.550416010130882682e+02	1.083731900973797302e+01
3.850000000000000000e+02	5.000000000000000000e-01	2.704773939042709117e+02	1.078248745973138334e+01
3.900000000000000000e+02	5.000000000000000000e-01	4.251201224206286042e+02	1.076416650506063988e+01
3.950000000000000000e+02	5.000000000000000000e-01	6.332566699538919011e+02	1.088801640100291834e+01
4.000000000000000000e+02	5.000000000000000000e-01	8.768204479660948891e+02	1.161409032957042875e+01
4.050000000000000000e+02	5.000000000000000000e-01	1.190185972495825581e+03	1.288967886060058454e+01
4.100000000000000000e+02	5.000000000000000000e-01	1.520583414585315495e+03	1.477052302441088649e+01
4.150000000000000000e+02	5.000000000000000000e-01	1.914142769274174043e+03	1.725791010123458236e+01
4.200000000000000000e+02	5.000000000000000000e-01	2.277029153157349810e+03	1.982694391491277131e+01
4.250000000000000000e+02	5.000000000000000000e-01	2.647780519520355028e+03	2.254506686814726990e+01
4.300000000000000000e+02	5.000000000000000000e-01	3.017971244484854196e+03	2.532189856051270738e+01
4.350000000000000000e+02	5.000000000000000000e-01	3.346165168157790959e+03	2.784686811711226540e+01
4.400000000000000000e+02	5.000000000000000000e-01	3.648409436245889992e+03	3.020014031220562956e+01
4.450000000000000000e+02	5.000000000000000000e-01	3.893580605184554770e+03	3.215009854013748480e+01
4.500000000000000000e+02	5.000000000000000000e-01	4.132858846974738299e+03	3.404911073741297400e+01
4.550000000000000000e+02	5.000000000000000000e-01	4.328381142871328848e+03	3.562642736895286077e+01
4.600000000000000000e+02	5.000000000000000000e-01	4.491187305061232109e+03	3.695787539734068616e+01
4.650000000000000000e+02	5.000000000000000000e-01	4.634309523279089262e+03	3.813549029212285291e+01
4.700000000000000000e+02	5.000000000000000000e-01	4.756625534270217941e+03	3.915084109657802713e+01
4.750000000000000000e+02	5.000000000000000000e-01	4.857136023124168787e+03	3.999654719674185088e+01
4.800000000000000000e+02	5.000000000000000000e-01	4.934965707664786351e+03	4.066631078360240537e+01
4.850000000000000000e+02	5.000000000000000000e-01	5.006901208917661279e+03	4.127911732126415956e+01
4.900000000000000000e+02	5.000000000000000000e-01	5.055559495742188119e+03	4.171144345673301501e+01
4.950000000000000000e+02	5.000000000000000000e-01	5.089504365815319943e+03	4.202389303832520540e+01
5.000000000000000000e+02	5.000000000000000000e-01	5.136373830584574534e+03	4.241089885471265575e+01
5.050000000000000000e+02	5.000000000000000000e-01	5.150677429501442020e+03	4.255146245903057434e+01
5.100000000000000000e+02	5.000000000000000000e-01	5.159941873523290269e+03	4.263945888332099798e+01
5.150000000000000000e+02	5.000000000000000000e-01	5.173655972093802120e+03	4.274140405543278121e+01
5.200000000000000000e+02	5.000000000000000000e-01	5.163890897201419648e+03	4.266081700053073433e+01
5.250000000000000000e+02	5.000000000000000000e-01	5.139978984473279525e+03	4.246338049634792355e+01
5.300000000000000000e+02	5.000000000000000000e-01	5.120305319123266599e+03	4.227868058677786678e+01
5.350000000000000000e+02	5.000000000000000000e-01	5.086216545291774310e+03	4.197567411617346522e+01
5.400000000000000000e+02	5.000000000000000000e-01	5.037709214875795624e+03	4.155449739482633476e+01
5.450000000000000000e+02	5.000000000000000000e-01	4.983511015401059012e+03	4.107722370211107688e+01
5.500000000000000000e+02	5.000000000000000000e-01	4.906128114666468718e+03	4.042017918359948681e+01
5.550000000000000000e+02	5.000000000000000000e-01	4.814543881428792702e+03	3.964722737853898593e+01
5.600000000000000000e+02	5.000000000000000000e-01	4.716950701657120590e+03	3.881708317047093715e+01
5.650000000000000000e+02	5.000000000000000000e-01	4.581681505619141717e+03	3.770432868397617909e+01
5.700000000000000000e+02	5.000000000000000000e-01	4.433860474818313378e+03	3.648833101223170416e+01
5.750000000000000000e+02	5.000000000000000000e-01	4.259330718337558210e+03	3.506866106253267645e+01
5.800000000000000000e+02	5.000000000000000000e-01	4.046018654934593087e+03	3.336069860952401456e+01
5.850000000000000000e+02	5.000000000000000000e-01	3.811161699368744394e+03	3.148930862260885988e+01
5.900000000000000000e+02	5.000000000000000000e-01	3.523758755914468111e+03	2.924164856001344504e+01
5.950000000000000000e+02	5.000000000000000000e-01	3.208372342525961812e+03	2.680139003841458489e+01
6.000000000000000000e+02	5.000000000000000000e-01	2.861807426102575846e+03	2.416452206963749560e+01
6.050000000000000000e+02	5.000000000000000000e-01	2.480611344457311134e+03	2.134695596216597835e+01
6.100000000000000000e+02	5.000000000000000000e-01	2.092732849920851550e+03	1.858784326634669526e+01
6.150000000000000000e+02	5.000000000000000000e-01	1.719254903903858349e+03	1.607991268583323219e+01
6.200000000000000000e+02	5.000000000000000000e-01	1.361226131713277482e+03	1.393448222491275246e+01
6.250000000000000000e+02	5.000000000000000000e-01	1.025745967147052397e+03	1.236632983651518458e+01
6.300000000000000000e+02	5.000000000000000000e-01	7.511608987220330391e+02	1.146295096330053376e+01
6.350000000000000000e+02	5.000000000000000000e-01	5.264220147367069558e+02	1.110315538900377952e+01
6.400000000000000000e+02	5.000000000000000000e-01	3.463338780933635803e+02	1.116919905446711780e+01
6.450000000000000000e+02	5.000000000000000000e-01	2.134368637160862647e+02	1.124620100604675166e+01
6.500000000000000000e+02	5.000000000000000000e-01	1.117369668236780456e+02	1.167358125965574089e+01
6.550000000000000000e+02	5.000000000000000000e-01	5.108504874934556739e+01	1.065072401638526856e+01
6.600000000000000000e+02	5.000000000000000000e-01	0.000000000000000000e+00	1.485946197728496188e+01
6.650000000000000000e+02	5.000000000000000000e-01	0.000000000000000000e+00	3.297041748169555753e+00
6.700000000000000000e+02	5.000000000000000000e-01	2.712540175561350964e+01	8.479649454653788609e+00
6.750000000000000000e+02	5.000000000000000000e-01	8.661297945356442085e+01	9.049030428878623411e+00
6.800000000000000000e+02	5.000000000000000000e-01	1.781995392622885106e+02	9.389871221278962565e+00
6.850000000000000000e+02	5.000000000000000000e-01	3.160543923193163778e+02	9.325814683585877063e+00
6.900000000000000000e+02	5.000000000000000000e-01	4.988380154779472946e+02	9.528371500553550533e+00
6.950000000000000000e+02	5.000000000000000000e-01	7.317455419149091540e+02	1.015253099418309901e+01
7.000000000000000000e+02	5.000000000000000000e-01	1.025344070072808108e+03	1.136496713308880047e+01
7.050000000000000000e+02	5.000000000000000000e-01	1.382015155903247432e+03	1.331506652989802220e+01
7.100000000000000000e+02	5.000000000000000000e-01	1.774588519325148582e+03	1.586768926026226900e+01
7.150000000000000000e+02	5.000000000000000000e-01	2.207342782349245226e+03	1.891348432982531591e+01
7.200000000000000000e+02	5.000000000000000000e-01	2.644782153455342723e+03	2.214906419048403308e+01
7.250000000000000000e+02	5.000000000000000000e-01	3.091199871673969938e+03	2.553035935883718821e+01
7.300000000000000000e+02	5.000000000000000000e-01	3.500190818882231270e+03	2.868968150873263667e+01
7.350000000000000000e+02	5.000000000000000000e-01	3.885156356731808955e+03	3.169136278045264987e+01
7.400000000000000000e+02	5.000000000000000000e-01	4.230902366245577468e+03	3.440966325133852877e+01
7.450000000000000000e+02	5.000000000000000000e-01	4.532760056739484753e+03	3.680037104811012938e+01
7.500000000000000000e+02	5.000000000000000000e-01	4.798051812895178045e+03	3.891285904964830422e+01
7.550000000000000000e+02	5.000000000000000000e-01	5.029190038635950259e+03	4.076272270611181625e+01
7.600000000000000000e+02	5.000000000000000000e-01	5.216357092241238206e+03	4.227508314921637833e+01
7.650000000000000000e+02	5.000000000000000000e-01	5.382887589579002452e+03	4.362415878208695119e+01
7.700000000000000000e+02	5.000000000000000000e-01	5.520712452315977316e+03	4.474923591989067972e+01
7.750000000000000000e+02	5.000000000000000000e-01	5.635465789160782151e+03	4.569238346339326995e+01
7.800000000000000000e+02	5.000000000000000000e-01	5.741083163589975811e+03	4.655767532086557026e+01
7.850000000000000000e+02	5.000000000000000000e-01	5.807775839444061603e+03	4.712231849543508844e+01
7.900000000000000000e+02	5.000000000000000000e-01	5.880145372609614242e+03	4.771931995756138178e+01
7.950000000000000000e+02	5.000000000000000000e-01	5.920350657702442732e+03	4.806608747483743826e+01
8.000000000000000000e+02	5.000000000000000000e-01	5.967235089201706614e+03	4.845196586380296822e+01
8.050000000000000000e+02	5.000000000000000000e-01	5.989678644443451049e+03	4.864495090470168037e+01
8.100000000000000000e+02	5.000000000000000000e-01	6.011520331987490863e+03	4.882239134133112657e+01
8.150000000000000000e+02	5.000000000000000000e-01	6.008886527395911799e+03	4.880657215378094804e+01
8.200000000000000000e+02	5.000000000000000000e-01	5.997790326002545044e+03	4.871661810705154494e+01
8.250000000000000000e+02	5.000000000000000000e-01	5.986162290874243809e+03	4.861157568069959467e+01
8.300000000000000000e+02	5.000000000000000000e-01	5.957902763396014961e+03	4.837178309375583751e+01
8.350000000000000000e+02	5.000000000000000000e-01	5.920758614401108389e+03	4.805507824457203014e+01
8.400000000000000000e+02	5.000000000000000000e-01	5.866762743612581289e+03	4.760226966070261767e+01
8.450000000000000000e+02	5.000000000000000000e-01	5.803405545066556442e+03	4.706946312784733522e+01
8.500000000000000000e+02	5.000000000000000000e-01	5.708369704198448744e+03	4.629004072585050977e+01
8.550000000000000000e+02	5.000000000000000000e-01	5.618377966647452922e+03	4.553883227263457201e+01
8.600000000000000000e+02	5.000000000000000000e-01	5.497317308124010196e+03	4.454582826159856523e+01
8.650000000000000000e+02	5.000000000000000000e-01	5.353321402709018912e+03	4.337196718091565373e+01
8.700000000000000000e+02	5.000000000000000000e-01	5.174435179521544342e+03	4.192772374321272366e+01
8.750000000000000000e+02	5.000000000000000000e-01	4.975566605031243853e+03	4.032523781164105969e+01
8.800000000000000000e+02	5.000000000000000000e-01	4.727775561541350726e+03	3.834833815885543373e+01
8.850000000000000000e+02	5.000000000000000000e-01	4.453130932147140811e+03	3.616388987600414850e+01
8.900000000000000000e+02	5.000000000000000000e-01	4.137402862690809343e+03	3.366840580420773676e+01
8.950000000000000000e+02	5.000000000000000000e-01	3.762666346186453211e+03	3.073656820931920919e+01
9.000000000000000000e+02	5.000000000000000000e-01	3.350725184228388116e+03	2.754385246034268420e+01
9.050000000000000000e+02	5.000000000000000000e-01	2.921698612213975139e+03	2.425613886128001795e+01
9.100000000000000000e+02	5.000000000000000000e-01	2.478071976568372065e+03	2.092395095598207178e+01
9.150000000000000000e+02	5.000000000000000000e-01	2.026723052572885535e+03	1.766096037156979648e+01
9.200000000000000000e+02	5.000000000000000000e-01	1.608391644442742745e+03	1.481066939124980308e+01
9.250000000000000000e+02	5.000000000000000000e-01	1.218376517149759366e+03	1.248038541464840989e+01
9.300000000000000000e+02	5.000000000000000000e-01	8.959307942709189092e+02	1.089821799603896935e+01
9.350000000000000000e+02	5.000000000000000000e-01	6.188164847452856066e+02	1.008074648764887904e+01
9.400000000000000000e+02	5.000000000000000000e-01	4.110283035795214346e+02	9.744516310695889416e+00
9.450000000000000000e+02	5.000000000000000000e-01	2.474047972153995545e+02	9.865408759437730879e+00
9.500000000000000000e+02	5.000000000000000000e-01	1.375677146202002064e+02	9.617503927537820019e+00
9.550000000000000000e+02	5.000000000000000000e-01	6.648944778346927365e+01	8.329140759921683568e+00
9.600000000000000000e+02	5.000000000000000000e-01	1.913799222651352849e+01	5.983213306760704064e+00
9.650000000000000000e+02	5.000000000000000000e-01	3.828064478665523573e+00	1.199938237522756967e+00
9.700000000000000000e+02	5.000000000000000000e-01	3.280311829946369073e+01	6.839815498840250640e+00
9.750000000000000000e+02	5.000000000000000000e-01	9.933165553226976385e+01	7.802346751476400222e+00
9.800000000000000000e+02	5.000000000000000000e-01	1.846149949891662914e+02	8.998999449853069876e+00
9.850000000000000000e+02	5.000000000000000000e-01	3.357332810008672936e+02	8.812763952698855263e+00
9.900000000000000000e+02	5.000000000000000000e-01	5.243459392712052249e+02	9.200235636697318142e+00
9.950000000000000000e+02	5.000000000000000000e-01	7.813350306053511076e+02	9.944102426997947219e+00
1.000000000000000000e+03	5.000000000000000000e-01	1.102380522023413278e+03	1.143853574042748633e+01
1.005000000000000000e+03	5.000000000000000000e-01	1.478113689789945965e+03	1.369227542295466371e+01
1.010000000000000000e+03	5.000000000000000000e-01	1.916584382371671609e+03	1.665732281047670327e+01
1.015000000000000000e+03	5.000000000000000000e-01	2.387980215168643554e+03	2.007832346734071649e+01
1.020000000000000000e+03	5.000000000000000000e-01	2.880599949439291777e+03	2.378272444924728646e+01
1.025000000000000000e+03	5.000000000000000000e-01	3.357409700026853443e+03	2.744743457494707783e+01
1.030000000000000000e+03	5.000000000000000000e-01	3.821480421443042360e+03	3.105324587415090676e+01
1.035000000000000000e+03	5.000000000000000000e-01	4.244081517953818548e+03	3.436550071484057867e+01
1.040000000000000000e+03	5.000000000000000000e-01	4.620584779629394689e+03	3.733470766109848427e+01
1.045000000000000000e+03	5.000000000000000000e-01	4.956520843522427640e+03	3.999521819032290182e+01
1.050000000000000000e+03	5.000000000000000000e-01	5.247127504086999579e+03	4.230704686144606796e+01
1.055000000000000000e+03	5.000000000000000000e-01	5.493376850548757830e+03	4.427541584867792324e+01
1.060000000000000000e+03	5.000000000000000000e-01	5.702995802251066380e+03	4.595822203266463646e+01
1.065000000000000000e+03	5.000000000000000000e-01	5.885389347201103192e+03	4.742679149604316535e+01
1.070000000000000000e+03	5.000000000000000000e-01	6.026124917201736025e+03	4.857086232264914116e+01
1.075000000000000000e+03	5.000000000000000000e-01	6.162059733840375884e+03	4.967135717719494181e+01
1.080000000000000000e+03	5.000000000000000000e-01	6.267023869439480222e+03	5.052864288433903539e+01
1.085000000000000000e+03	5.000000000000000000e-01	6.346752770912785309e+03	5.118641366325253017e+01
1.090000000000000000e+03	5.000000000000000000e-01	6.414805363075711284e+03	5.174773522861163144e+01
1.095000000000000000e+03	5.000000000000000000e-01	6.471545381243858174e+03	5.221513778650821536e+01
1.100000000000000000e+03	5.000000000000000000e-01	6.510028258059903237e+03	5.253570241839425847e+01
1.105000000000000000e+03	5.000000000000000000e-01	6.544856809102819170e+03	5.282017248392770625e+01
1.110000000000000000e+03	5.000000000000000000e-01	6.554346056369763573e+03	5.290384786114439208e+01
1.115000000000000000e+03	5.000000000000000000e-01	6.560472004262783230e+03	5.295345114007184151e+01
1.120000000000000000e+03	5.000000000000000000e-01	6.555946075119071793e+03	5.291366041555444610e+01
1.125000000000000000e+03	5.000000000000000000e-01	6.533405002483804310e+03	5.272863445755564982e+01
1.130000000000000000e+03	5.000000000000000000e-01	6.500080997889470382e+03	5.245333006546972143e+01
1.135000000000000000e+03	5.000000000000000000e-01	6.462885724961774940e+03	5.214040716281021304e+01
1.140000000000000000e+03	5.000000000000000000e-01	6.407202550934245664e+03	5.167902288162181179e+01
1.145000000000000000e+03	5.000000000000000000e-01	6.312485404638176988e+03	5.091292783553458889e+01
1.150000000000000000e+03	5.000000000000000000e-01	6.227068386299665690e+03	5.020997241105531828e+01
1.155000000000000000e+03	5.000000000000000000e-01	6.116516697750047570e+03	4.930836306066714059e+01
1.160000000000000000e+03	5.000000000000000000e-01	5.987855029812609246e+03	4.826171418693981252e+01
1.165000000000000000e+03	5.000000000000000000e-01	5.829045989441176971e+03	4.697835263950192086e+01
1.170000000000000000e+03	5.000000000000000000e-01	5.641621913413189759e+03	4.547006985241144150e+01
1.175000000000000000e+03	5.000000000000000000e-01	5.421540042446246844e+03	4.370626044370809637e+01
1.180000000000000000e+03	5.000000000000000000e-01	5.165712881224360899e+03	4.166386973859486886e+01
1.185000000000000000e+03	5.000000000000000000e-01	4.866597991931042998e+03	3.928652091439148109e+01
1.190000000000000000e+03	5.000000000000000000e-01	4.518110554700330795e+03	3.653047188665740208e+01
1.195000000000000000e+03	5.000000000000000000e-01	4.125429638885737404e+03	3.343989807995602348e+01
1.200000000000000000e+03	5.000000000000000000e-01	3.693412442154134624e+03	3.005991886129631396e+01
1.205000000000000000e+03	5.000000000000000000e-01	3.226319401375670623e+03	2.643798950210788234e+01
1.210000000000000000e+03	5.000000000000000000e-01	2.732227083075856626e+03	2.266399836521773992e+01
1.215000000000000000e+03	5.000000000000000000e-01	2.253546436560798156e+03	1.908355115709112226e+01
1.220000000000000000e+03	5.000000000000000000e-01	1.802384571449938903e+03	1.583177237157573103e+01
1.225000000000000000e+03	5.000000000000000000e-01	1.380019463327885660e+03	1.301697984230744076e+01
1.230000000000000000e+03	5.000000000000000000e-01	1.009659021346928739e+03	1.089834048638712716e+01
1.235000000000000000e+03	5.000000000000000000e-01	7.060679867214704473e+02	9.580908636160483383e+00
1.240000000000000000e+03	5.000000000000000000e-01	4.674686365862181106e+02	8.938896019460006670e+00
1.245000000000000000e+03	5.000000000000000000e-01	2.912206237048289381e+02	8.599423704947243507e+00
1.250000000000000000e+03	5.000000000000000000e-01	1.596789976616062745e+02	8.417644207689146896e+00
1.255000000000000000e+03	5.000000000000000000e-01	7.342586842952552217e+01	7.673387328832072640e+00
1.260000000000000000e+03	5.000000000000000000e-01	2.385812187769053594e+01	4.976093528925763287e+00
1.265000000000000000e+03	5.000000000000000000e-01	2.464735265987998414e+00	1.542776541399228041e+00
1.270000000000000000e+03	5.000000000000000000e-01	2.644184980882975111e+01	8.266566086169916616e+00
1.275000000000000000e+03	5.000000000000000000e-01	7.799061877730579795e+01	9.770229972274934838e+00
1.280000000000000000e+03	5.000000000000000000e-01	1.611628461170089679e+02	1.015706655539221615e+01
1.285000000000000000e+03	5.000000000000000000e-01	2.992317288397374568e+02	9.655483581442293683e+00
1.290000000000000000e+03	5.000000000000000000e-01	4.820624333814006377e+02	9.665610045364360303e+00
1.295000000000000000e+03	5.000000000000000000e-01	7.149745935837710249e+02	1.018397583325626243e+01
1.300000000000000000e+03	5.000000000000000000e-01	1.002197755793855094e+03	1.133210180579524895e+01
1.305000000000000000e+03	5.000000000000000000e-01	1.359206162555657784e+03	1.322513241812319151e+01
1.310000000000000000e+03	5.000000000000000000e-01	1.763483741399970313e+03	1.580862564613222254e+01
1.315000000000000000e+03	5.000000000000000000e-01	2.195877689313269912e+03	1.884741454434840691e+01
1.320000000000000000e+03	5.000000000000000000e-01	2.649615082792711746e+03	2.218976971221901806e+01
1.325000000000000000e+03	5.000000000000000000e-01	3.106640783241212375e+03	2.564907031330924170e+01
1.330000000000000000e+03	5.000000000000000000e-01	3.537792809493367713e+03	2.897195255896016519e+01
1.335000000000000000e+03	5.000000000000000000e-01	3.929098242648436553e+03	3.202383997248583825e+01
1.340000000000000000e+03	5.000000000000000000e-01	4.293297474786392740e+03	3.488136987221441387e+01
1.345000000000000000e+03	5.000000000000000000e-01	4.620815907342325772e+03	3.746536828464302005e+01
1.350000000000000000e+03	5.000000000000000000e-01	4.889408346783528032e+03	3.960334129553077531e+01
1.355000000000000000e+03	5.000000000000000000e-01	5.124074088868746003e+03	4.147964401960060599e+01
1.360000000000000000e+03	5.000000000000000000e-01	5.327998700102268231e+03	4.311712835119059406e+01
1.365000000000000000e+03	5.000000000000000000e-01	5.485439222443244034e+03	4.439665125349625896e+01
1.370000000000000000e+03	5.000000000000000000e-01	5.627031600530211108e+03	4.554867308538644011e+01
1.375000000000000000e+03	5.000000000000000000e-01	5.752458849217303396e+03	4.657055908284058177e+01
1.380000000000000000e+03	5.000000000000000000e-01	5.847031323907905062e+03	4.735172827739991419e+01
1.385000000000000000e+03	5.000000000000000000e-01	5.931691908729845636e+03	4.804943390164209660e+01
1.390000000000000000e+03	5.000000000000000000e-01	5.984231966295402344e+03	4.849689659529406072e+01
1.395000000000000000e+03	5.000000000000000000e-01	6.042104704478068925e+03	4.897471834372586130e+01
1.400000000000000000e+03	5.000000000000000000e-01	6.075314274602746991e+03	4.925794009101016258e+01
1.405000000000000000e+03	5.000000000000000000e-01	6.099249430541955007e+03	4.946164295786193321e+01
1.410000000000000000e+03	5.000000000000000000e-01	6.114139591341215237e+03	4.958736689232274841e+01
1.415000000000000000e+03	5.000000000000000000e-01	6.112232691588485068e+03	4.957709111147296710e+01
1.420000000000000000e+03	5.000000000000000000e-01	6.109302381056047125e+03	4.954865856142355085e+01
1.425000000000000000e+03	5.000000000000000000e-01	6.081763692324200747e+03	4.932585272390876696e+01
1.430000000000000000e+03	5.000000000000000000e-01	6.045318973002315033e+03	4.902608367174291004e+01
1.435000000000000000e+03	5.000000000000000000e-01	6.007473737941973923e+03	4.870565343383141510e+01
1.440000000000000000e+03	5.000000000000000000e-01	5.952554347751760361e+03	4.824756177786937883e+01
1.445000000000000000e+03	5.000000000000000000e-01	5.887955571919930662e+03	4.770739306556315995e+01
1.450000000000000000e+03	5.000000000000000000e-01	5.791663550935614694e+03	4.692022901743995789e+01
1.455000000000000000e+03	5.000000000000000000e-01	5.692916670963236356e+03	4.610560525398462772e+01
1.460000000000000000e+03	5.000000000000000000e-01	5.570297289214512602e+03	4.510298028139740723e+01
1.465000000000000000e+03	5.000000000000000000e-01	5.424638187769435717e+03	4.391871149971188260e+01
1.470000000000000000e+03	5.000000000000000000e-01	5.250515213334883811e+03	4.251214671338721729e+01
1.475000000000000000e+03	5.000000000000000000e-01	5.043499769499673675e+03	4.085025930360287560e+01
1.480000000000000000e+03	5.000000000000000000e-01	4.806131059740768251e+03	3.895277333367099715e+01
1.485000000000000000e+03	5.000000000000000000e-01	4.529544634415072323e+03	3.675437040613461903e+01
1.490000000000000000e+03	5.000000000000000000e-01	4.212095169132614501e+03	3.424547112956423689e+01
1.495000000000000000e+03	5.000000000000000000e-01	3.847256325243457013e+03	3.138320489792828738e+01
1.500000000000000000e+03	5.000000000000000000e-01	3.439933518665422071e+03	2.821552741255772290e+01
1.505000000000000000e+03	5.000000000000000000e-01	3.010431963188263126e+03	2.490884025282107928e+01
1.510000000000000000e+03	5.000000000000000000e-01	2.561616000728512518e+03	2.151359632287655899e+01
1.515000000000000000e+03	5.000000000000000000e-01	2.111596475574758188e+03	1.820771912734254272e+01
1.520000000000000000e+03	5.000000000000000000e-01	1.677870340001832346e+03	1.518929188939820563e+01
1.525000000000000000e+03	5.000000000000000000e-01	1.290218620329777423e+03	1.272358769397518152e+01
1.530000000000000000e+03	5.000000000000000000e-01	9.573576585889651369e+02	1.090894253997750063e+01
1.535000000000000000e+03	5.000000000000000000e-01	6.695219612975697601e+02	9.804535158511876958e+00
1.540000000000000000e+03	5.000000000000000000e-01	4.420593066331665000e+02	9.338374605447288701e+00
1.545000000000000000e+03	5.000000000000000000e-01	2.716712277201826282e+02	9.204070363118537657e+00
1.550000000000000000e+03	5.000000000000000000e-01	1.536750778385430181e+02	8.822897179874336970e+00
1.555000000000000000e+03	5.000000000000000000e-01	6.043393453731106746e+01	9.457184074316351996e+00
1.560000000000000000e+03	5.000000000000000000e-01	1.982214579482204542e+01	6.198091265172317677e+00
1.565000000000000000e+03	5.000000000000000000e-01	3.143257480870982778e+00	9.930632398935411720e-01
1.570000000000000000e+03	5.000000000000000000e-01	1.845552205039416904e+01	1.153608131372287104e+01
1.575000000000000000e+03	5.000000000000000000e-01	5.999454245504901451e+01	1.250918464072768721e+01
1.580000000000000000e+03	5.000000000000000000e-01	1.242511402230506690e+02	1.298278991309594232e+01
1.585000000000000000e+03	5.000000000000000000e-01	2.494705177947242873e+02	1.131837523723227967e+01
1.590000000000000000e+03	5.000000000000000000e-01	3.866761290945939891e+02	1.141635243880008765e+01
1.595000000000000000e+03	5.000000000000000000e-01	5.796551659037959325e+02	1.134469700149258742e+01
1.600000000000000000e+03	5.000000000000000000e-01	8.244809061821213163e+02	1.174574267147692908e+01
1.605000000000000000e+03	5.000000000000000000e-01	1.117730305058494423e+03	1.280981790834516687e+01
1.610000000000000000e+03	5.000000000000000000e-01	1.449490157179003745e+03	1.452482013061639421e+01
1.615000000000000000e+03	5.000000000000000000e-01	1.824654864966393006e+03	1.681641513271015498e+01
1.620000000000000000e+03	5.000000000000000000e-01	2.207608040348287432e+03	1.942775602320302042e+01
1.625000000000000000e+03	5.000000000000000000e-01	2.584673906381109191e+03	2.215228604883404984e+01
1.630000000000000000e+03	5.000000000000000000e-01	2.954496753555668420e+03	2.490692969339092855e+01
1.635000000000000000e+03	5.000000000000000000e-01	3.308420838974747312e+03	2.759534819748168388e+01
1.640000000000000000e+03	5.000000000000000000e-01	3.617043980694251331e+03	2.998777795754547881e+01
1.645000000000000000e+03	5.000000000000000000e-01	3.889767081058604163e+03	3.212863565465058002e+01
1.650000000000000000e+03	5.000000000000000000e-01	4.122606629103838713e+03	3.398029687159606027e+01
1.655000000000000000e+03	5.000000000000000000e-01	4.326114682750993779e+03	3.561275246848056497e+01
1.660000000000000000e+03	5.000000000000000000e-01	4.497481234186892834e+03	3.700377771893687395e+01
1.665000000000000000e+03	5.000000000000000000e-01	4.641836887761160142e+03	3.818888235433479394e+01
1.670000000000000000e+03	5.000000000000000000e-01	4.765405781076857238e+03	3.921204686872586365e+01
1.675000000000000000e+03	5.000000000000000000e-01	4.867183790770353880e+03	4.006583763231324014e+01
1.680000000000000000e+03	5.000000000000000000e-01	4.946290766557188363e+03	4.074390151754092670e+01
1.685000000000000000e+03	5.000000000000000000e-01	5.010708179388355347e+03	4.130293984558826992e+01
1.690000000000000000e+03	5.000000000000000000e-01	5.078178993921552319e+03	4.186832921059657764e+01
1.695000000000000000e+03	5.000000000000000000e-01	5.113443251995424362e+03	4.218987613106173740e+01
1.700000000000000000e+03	5.000000000000000000e-01	5.133972748021064945e+03	4.239142477439726520e+01
1.705000000000000000e+03	5.000000000000000000e-01	5.167612636306601416e+03	4.266890172975149653e+01
1.710000000000000000e+03	5.000000000000000000e-01	5.177824535231419759e+03	4.276437137821399403e+01
1.715000000000000000e+03	5.000000000000000000e-01	5.173790532257168707e+03	4.274253433399990598e+01
1.720000000000000000e+03	5.000000000000000000e-01	5.164870155828163661e+03	4.266921693560730944e+01
1.725000000000000000e+03	5.000000000000000000e-01	5.151039799527653486e+03	4.254428915787281085e+01
1.730000000000000000e+03	5.000000000000000000e-01	5.122973164770644871e+03	4.230222663522958015e+01
1.735000000000000000e+03	5.000000000000000000e-01	5.089729593674233001e+03	4.200711749018937269e+01
1.740000000000000000e+03	5.000000000000000000e-01	5.042063690436926663e+03	4.159403161017899464e+01
1.745000000000000000e+03	5.000000000000000000e-01	4.980011079910169428e+03	4.106343253972163865e+01
1.750000000000000000e+03	5.000000000000000000e-01	4.912154909174264503e+03	4.047653179803520374e+01
1.755000000000000000e+03	5.000000000000000000e-01	4.821387655075802286e+03	3.971222395711964026e+01
1.760000000000000000e+03	5.000000000000000000e-01	4.724611071177766462e+03	3.889101350213525876e+01
1.765000000000000000e+03	5.000000000000000000e-01	4.597901967853622409e+03	3.784268344843815157e+01
1.770000000000000000e+03	5.000000000000000000e-01	4.450568360774012945e+03	3.663380052448379587e+01
1.775000000000000000e+03	5.000000000000000000e-01	4.276471469027855164e+03	3.522103076127886112e+01
1.780000000000000000e+03	5.000000000000000000e-01	4.077649165083055777e+03	3.361984104398213447e+01
1.785000000000000000e+03	5.000000000000000000e-01	3.835788078527125890e+03	3.170230910410680991e+01
1.790000000000000000e+03	5.000000000000000000e-01	3.575050105639990306e+03	2.964350678447916110e+01
1.795000000000000000e+03	5.000000000000000000e-01	3.259042799310114788e+03	2.719723724490891215e+01
1.800000000000000000e+03	5.000000000000000000e-01	2.918393766885368223e+03	2.459394672776224766e+01
1.805000000000000000e+03	5.000000000000000000e-01	2.556199133035503564e+03	2.187917843067936019e+01
1.810000000000000000e+03	5.000000000000000000e-01	2.168525465488266036e+03	1.907939633623491105e+01
1.815000000000000000e+03	5.000000000000000000e-01	1.788957324442008712e+03	1.647290131668695778e+01
1.820000000000000000e+03	5.000000000000000000e-01	1.431895887242282015e+03	1.421623104702168305e+01
1.825000000000000000e+03	5.000000000000000000e-01	1.105453247785213080e+03	1.243745787375737599e+01
1.830000000000000000e+03	5.000000000000000000e-01	8.107956461075473271e+02	1.127578997410362049e+01
1.835000000000000000e+03	5.000000000000000000e-01	5.638956425872935370e+02	1.078967860345717433e+01
1.840000000000000000e+03	5.000000000000000000e-01	3.758976570086031757e+02	1.065759990968958348e+01
1.845000000000000000e+03	5.000000000000000000e-01	2.340886548846103210e+02	1.062407796021230943e+01
1.850000000000000000e+03	5.000000000000000000e-01	1.317316580255982217e+02	1.035023335246622622e+01
1.855000000000000000e+03	5.000000000000000000e-01	4.307401893058052167e+01	1.346606688240106742e+01
1.860000000000000000e+03	5.000000000000000000e-01	1.425824579663815506e+01	8.912947505622513589e+00
1.865000000000000000e+03	5.000000000000000000e-01	0.000000000000000000e+00	2.214267142446014081e+00
1.870000000000000000e+03	5.000000000000000000e-01	1.821382155796110425e+01	1.138520272059435179e+01
1.875000000000000000e+03	5.000000000000000000e-01	6.879448869230625974e+01	1.076573975037873510e+01
1.880000000000000000e+03	5.000000000000000000e-01	1.335745476076369300e+02	1.197765917771872957e+01
1.885000000000000000e+03	5.000000000000000000e-01	2.485856575186650446e+02	1.128085140298882472e+01
1.890000000000000000e+03	5.000000000000000000e-01	4.110308998795678121e+02	1.079859334566774187e+01
1.895000000000000000e+03	5.000000000000000000e-01	6.182242634308213383e+02	1.086246825705017649e+01
1.900000000000000000e+03	5.000000000000000000e-01	8.827589779714536462e+02	1.148163530053310311e+01
1.905000000000000000e+03	5.000000000000000000e-01	1.200670730380380064e+03	1.284100789037582580e+01
1.910000000000000000e+03	5.000000000000000000e-01	1.568682629456934819e+03	1.491843177898528872e+01
1.915000000000000000e+03	5.000000000000000000e-01	1.971352831026831154e+03	1.755336261097513173e+01
1.920000000000000000e+03	5.000000000000000000e-01	2.394873273458264975e+03	2.054712020478968526e+01
1.925000000000000000e+03	5.000000000000000000e-01	2.825977320419588068e+03	2.372601074588034109e+01
1.930000000000000000e+03	5.000000000000000000e-01	3.245367276597452928e+03	2.689915980287818797e+01
1.935000000000000000e+03	5.000000000000000000e-01	3.633145747624010710e+03	2.988437630238296450e+01
1.940000000000000000e+03	5.000000000000000000e-01	3.980096830764447532e+03	3.258796281736864131e+01
1.945000000000000000e+03	5.000000000000000000e-01	4.288272547415434019e+03	3.500977868177983510e+01
1.950000000000000000e+03	5.000000000000000000e-01	4.553439585200120746e+03	3.711096252490185066e+01
1.955000000000000000e+03	5.000000000000000000e-01	4.791098883161622325e+03	3.900187353529317136e+01
1.960000000000000000e+03	5.000000000000000000e-01	4.978057249840200711e+03	4.050888446653241459e+01
1.965000000000000000e+03	5.000000000000000000e-01	5.123950308503147426e+03	4.170231168279402567e+01
1.970000000000000000e+03	5.000000000000000000e-01	5.254921213812956012e+03	4.277552777367957759e+01
1.975000000000000000e+03	5.000000000000000000e-01	5.363159205980527076e+03	4.367051515386676641e+01
1.980000000000000000e+03	5.000000000000000000e-01	5.440096894354824144e+03	4.432405550693918883e+01
1.985000000000000000e+03	5.000000000000000000e-01	5.516201167637545041e+03	4.496068675309012974e+01
1.990000000000000000e+03	5.000000000000000000e-01	5.568211831887238986e+03	4.540876788105556727e+01
1.995000000000000000e+03	5.000000000000000000e-01	5.595647138415979498e+03	4.566492964477404115e+01
2.000000000000000000e+03	5.000000000000000000e-01	5.614944972950032025e+03	4.584964965539169413e+01
2.005000000000000000e+03	5.000000000000000000e-01	5.635074092643634685e+03	4.602798422129680489e+01
2.010000000000000000e+03	5.000000000000000000e-01	5.639539432632785974e+03	4.607903474716353287e+01
2.015000000000000000e+03	5.000000000000000000e-01	5.628420751120426758e+03	4.600333535545256325e+01
2.020000000000000000e+03	5.000000000000000000e-01	5.601841419379888066e+03	4.580177517405916632e+01
2.025000000000000000e+03	5.000000000000000000e-01	5.577049194595676454e+03	4.559992572081809925e+01
2.030000000000000000e+03	5.000000000000000000e-01	5.536978256118900390e+03	4.527350589793868352e+01
2.035000000000000000e+03	5.000000000000000000e-01	5.481738381069144452e+03	4.482342267283431170e+01
2.040000000000000000e+03	5.000000000000000000e-01	5.419749022186112597e+03	4.431116433646612762e+01
2.045000000000000000e+03	5.000000000000000000e-01	5.350775533187774272e+03	4.373531468007181644e+01
2.050000000000000000e+03	5.000000000000000000e-01	5.258594214284705231e+03	4.297779743406550068e+01
2.055000000000000000e+03	5.000000000000000000e-01	5.151669898222412485e+03	4.210058187883802816e+01
2.060000000000000000e+03	5.000000000000000000e-01	5.030253331211356453e+03	4.110579919653800118e+01
2.065000000000000000e+03	5.000000000000000000e-01	4.887303330247972553e+03	3.994229770235795485e+01
2.070000000000000000e+03	5.000000000000000000e-01	4.716735726252572931e+03	3.856598215662182838e+01
2.075000000000000000e+03	5.000000000000000000e-01	4.534184153676598726e+03	3.709158838747060116e+01
2.080000000000000000e+03	5.000000000000000000e-01	4.306919768398569431e+03	3.528124371446438090e+01
2.085000000000000000e+03	5.000000000000000000e-01	4.058417276956758087e+03	3.330800140173485602e+01
2.090000000000000000e+03	5.000000000000000000e-01	3.765799626712233021e+03	3.100979150146325480e+01
2.095000000000000000e+03	5.000000000000000000e-01	3.439723305192164389e+03	2.847149411262347130e+01
2.100000000000000000e+03	5.000000000000000000e-01	3.084004442405397185e+03	2.573299371796326440e+01
2.105000000000000000e+03	5.000000000000000000e-01	2.689975409045829110e+03	2.276103855898371009e+01
2.110000000000000000e+03	5.000000000000000000e-01	2.308955516527521468e+03	1.993196023235752889e+01
2.115000000000000000e+03	5.000000000000000000e-01	1.906277857580834961e+03	1.708252097303423156e+01
2.120000000000000000e+03	5.000000000000000000e-01	1.519522773726907644e+03	1.454285904627239034e+01
2.125000000000000000e+03	5.000000000000000000e-01	1.175426827055716331e+03	1.252716614363700032e+01
2.130000000000000000e+03	5.000000000000000000e-01	8.764338242087228537e+02	1.108645122808825789e+01
2.135000000000000000e+03	5.000000000000000000e-01	6.249405327538111123e+02	1.021147363258347518e+01
2.140000000000000000e+03	5.000000000000000000e-01	4.305884096558189071e+02	9.630415323014494433e+00
2.145000000000000000e+03	5.000000000000000000e-01	2.737386665546645759e+02	9.283247742276634185e+00
2.150000000000000000e+03	5.000000000000000000e-01	1.621668629360476359e+02	8.557596141224419029e+00
2.155000000000000000e+03	5.000000000000000000e-01	8.122159128187988131e+01	7.290041750584167701e+00
2.160000000000000000e+03	5.000000000000000000e-01	2.900021840707880472e+01	4.545852418164404440e+00
2.165000000000000000e+03	5.000000000000000000e-01	-2.458442828505680744e+00	7.938771867910632274e-01
2.170000000000000000e+03	5.000000000000000000e-01	-0.000000000000000000e+00	2.009342980360213815e+01
2.175000000000000000e+03	5.000000000000000000e-01	-0.000000000000000000e+00	3.818824255156970793e+01
2.180000000000000000e+03	5.000000000000000000e-01	-0.000000000000000000e+00	5.617843595622465358e+01
2.185000000000000000e+03	5.000000000000000000e-01	-0.000000000000000000e+00	7.401771798668609392e+01
2.190000000000000000e+03	5.000000000000000000e-01	-0.000000000000000000e+00	9.166306813463179992e+01
2.195000000000000000e+03	5.000000000000000000e-01	-0.000000000000000000e+00	1.090350977867833535e+02
